Workbook

Sheet 07_Property_Register
A1: Sr. No. | B1: Name of Co-partner Member | H1: Date of Possession | I1: Distinguishing No. of Tenement | K1: Description of Tenement | L1: Area of Tenement | M1: Cost of Tenement | O1: Annual Ground Rent Rs. | P1: Date of Cessation of Membership | Q1: Signature Chairman / Hon. Secretary | R1: Remarks (Reason of Cessation / Transfer to Sr. No. and Date)
B2: 1 | C2: 2 | D2: 3 | E2: 4 | F2: 5 | G2: 6 | I2: Flat No. | J2: Floor No. | M2: Land Rs. | N2: Const. Rs.
A3: =IF('02_Common_Member_Master'!A3="","",'02_Common_Member_Master'!A3) | B3: =IF('02_Common_Member_Master'!I3="","",'02_Common_Member_Master'!I3)
A4: =IF('02_Common_Member_Master'!A4="","",'02_Common_Member_Master'!A4) | B4: =IF('02_Common_Member_Master'!I4="","",'02_Common_Member_Master'!I4)
A5: =IF('02_Common_Member_Master'!A5="","",'02_Common_Member_Master'!A5) | B5: =IF('02_Common_Member_Master'!I5="","",'02_Common_Member_Master'!I5)
A6: =IF('02_Common_Member_Master'!A6="","",'02_Common_Member_Master'!A6) | B6: =IF('02_Common_Member_Master'!I6="","",'02_Common_Member_Master'!I6)
A7: =IF('02_Common_Member_Master'!A7="","",'02_Common_Member_Master'!A7) | B7: =IF('02_Common_Member_Master'!I7="","",'02_Common_Member_Master'!I7)
A8: =IF('02_Common_Member_Master'!A8="","",'02_Common_Member_Master'!A8) | B8: =IF('02_Common_Member_Master'!I8="","",'02_Common_Member_Master'!I8)
A9: =IF('02_Common_Member_Master'!A9="","",'02_Common_Member_Master'!A9) | B9: =IF('02_Common_Member_Master'!I9="","",'02_Common_Member_Master'!I9)
A10: =IF('02_Common_Member_Master'!A10="","",'02_Common_Member_Master'!A10) | B10: =IF('02_Common_Member_Master'!I10="","",'02_Common_Member_Master'!I10)
A11: =IF('02_Common_Member_Master'!A11="","",'02_Common_Member_Master'!A11) | B11: =IF('02_Common_Member_Master'!I11="","",'02_Common_Member_Master'!I11)
A12: =IF('02_Common_Member_Master'!A12="","",'02_Common_Member_Master'!A12) | B12: =IF('02_Common_Member_Master'!I12="","",'02_Common_Member_Master'!I12)
A13: =IF('02_Common_Member_Master'!A13="","",'02_Common_Member_Master'!A13) | B13: =IF('02_Common_Member_Master'!I13="","",'02_Common_Member_Master'!I13)
A14: =IF('02_Common_Member_Master'!A14="","",'02_Common_Member_Master'!A14) | B14: =IF('02_Common_Member_Master'!I14="","",'02_Common_Member_Master'!I14)
... A23: =IF('02_Common_Member_Master'!A23="","",'02_Common_Member_Master'!A23) | B23: =IF('02_Common_Member_Master'!I23="","",'02_Common_Member_Master'!I23)
